case,seed,top3,fit_score
detection,0,"Bwd Packet Length Min, Bwd Packets/s, Fwd Seg Size Min",0.2647
detection,1,"Bwd Packet Length Min, Bwd Packets/s, Fwd Seg Size Min",0.2563
detection,2,"Bwd Packet Length Min, Bwd Packets/s, Fwd Seg Size Min",0.2509
detection,3,"Bwd Packet Length Min, Bwd Packets/s, Fwd Seg Size Min",0.2586
detection,4,"Bwd Packets/s, Fwd PSH Flags, Fwd Seg Size Min",0.2512
detection,5,"Bwd Packet Length Min, Bwd Packets/s, Fwd Seg Size Min",0.2629
detection,6,"Bwd Packet Length Min, Bwd Packets/s, Fwd Seg Size Min",0.2456
detection,7,"Bwd Packet Length Min, Bwd Packets/s, Fwd Seg Size Min",0.2475
detection,8,"Bwd Packet Length Min, Bwd Packets/s, Fwd Seg Size Min",0.2610
detection,9,"Bwd Packet Length Min, Fwd Seg Size Min, Idle Std",0.2417
negative,0,"Bwd Packet Length Min, Bwd Packets/s, Fwd Seg Size Min",0.2374
negative,1,"Bwd Packet Length Min, Bwd Packets/s, Fwd Seg Size Min",0.2237
negative,2,"Bwd Packet Length Min, Fwd Seg Size Min, Idle Std",0.2265
negative,3,"Bwd Packet Length Min, Bwd Packets/s, Fwd Seg Size Min",0.2304
negative,4,"Bwd Packet Length Min, Fwd PSH Flags, Fwd Seg Size Min",0.2282
negative,5,"Active Std, Bwd Packet Length Min, Fwd Seg Size Min",0.2330
negative,6,"Bwd Packet Length Min, Bwd Packets/s, Fwd Seg Size Min",0.2218
negative,7,"Bwd Packet Length Min, Fwd Seg Size Min, Idle Min",0.2225
negative,8,"Bwd Packet Length Min, Bwd Packets/s, Fwd Seg Size Min",0.2319
negative,9,"Bwd Packet Length Min, Fwd Seg Size Min, Idle Std",0.2172
mistake,0,"Bwd Packet Length Min, Bwd Packets/s, Fwd Seg Size Min",0.2677
mistake,1,"Bwd Packet Length Min, Bwd Packets/s, Fwd Seg Size Min",0.2622
mistake,2,"Bwd Packet Length Min, Bwd Packets/s, Fwd Seg Size Min",0.2499
mistake,3,"Bwd Packet Length Min, Bwd Packets/s, Fwd Seg Size Min",0.2591
mistake,4,"Bwd Packets/s, Fwd PSH Flags, Fwd Seg Size Min",0.2501
mistake,5,"Bwd Packet Length Min, Bwd Packets/s, Fwd Seg Size Min",0.2659
mistake,6,"Bwd Packet Length Min, Bwd Packets/s, Fwd Seg Size Min",0.2456
mistake,7,"Bwd Packet Length Min, Bwd Packets/s, Fwd Seg Size Min",0.2471
mistake,8,"Bwd Packet Length Min, Bwd Packets/s, Fwd Seg Size Min",0.2597
mistake,9,"Bwd Packet Length Min, Fwd Seg Size Min, Idle Std",0.2471
