level,features_missing,model,accuracy,macro_f1,recall,pr_auc,far
0.0000,0,tree,0.9755,0.9690,0.9849,0.9677,0.0279
0.0000,0,logreg,0.9686,0.9608,0.9962,0.9527,0.0413
0.0000,0,boosting,0.9776,0.9718,0.9923,0.9814,0.0276
0.1000,7,tree,0.9295,0.9059,0.8161,0.8097,0.0301
0.1000,7,logreg,0.9115,0.8853,0.8238,0.8412,0.0572
0.1000,7,boosting,0.9315,0.9080,0.8092,0.9472,0.0248
0.2000,13,tree,0.8952,0.8540,0.6919,0.7049,0.0322
0.2000,13,logreg,0.8676,0.8234,0.6978,0.7551,0.0717
0.2000,13,boosting,0.8956,0.8514,0.6656,0.9065,0.0223
0.3000,20,tree,0.8624,0.7999,0.5770,0.6124,0.0358
0.3000,20,logreg,0.8246,0.7606,0.5849,0.6592,0.0899
0.3000,20,boosting,0.8592,0.7856,0.5196,0.8491,0.0196
0.5000,34,tree,0.8133,0.7066,0.3997,0.4972,0.0391
0.5000,34,logreg,0.7553,0.6500,0.3933,0.5021,0.1155
0.5000,34,boosting,0.8014,0.6543,0.2832,0.7176,0.0136
