test,level,model,accuracy,macro_f1,recall,pr_auc,far,features_missing
missing,0.0000,boosting,0.9776,0.9718,0.9923,0.9814,0.0276,0
missing,0.0149,boosting,0.9711,0.9632,0.9669,0.9782,0.0274,1
missing,0.0299,boosting,0.9645,0.9544,0.9398,0.9738,0.0267,2
missing,0.0448,boosting,0.9576,0.9451,0.9123,0.9693,0.0262,3
missing,0.0746,boosting,0.9449,0.9274,0.8616,0.9590,0.0253,5
missing,0.1000,boosting,0.9315,0.9080,0.8092,0.9472,0.0248,7
missing,0.2000,boosting,0.8956,0.8514,0.6656,0.9065,0.0223,13
missing,0.3000,boosting,0.8592,0.7856,0.5196,0.8491,0.0196,20
missing,0.5000,boosting,0.8014,0.6543,0.2832,0.7176,0.0136,34
missing,0.0000,logreg,0.9686,0.9608,0.9962,0.9527,0.0413,0
missing,0.0149,logreg,0.9617,0.9519,0.9728,0.9369,0.0423,1
missing,0.0299,logreg,0.9536,0.9415,0.9478,0.9193,0.0443,2
missing,0.0448,logreg,0.9449,0.9300,0.9201,0.9026,0.0463,3
missing,0.0746,logreg,0.9281,0.9077,0.8704,0.8739,0.0513,5
missing,0.1000,logreg,0.9115,0.8853,0.8238,0.8412,0.0572,7
missing,0.2000,logreg,0.8676,0.8234,0.6978,0.7551,0.0717,13
missing,0.3000,logreg,0.8246,0.7606,0.5849,0.6592,0.0899,20
missing,0.5000,logreg,0.7553,0.6500,0.3933,0.5021,0.1155,34
missing,0.0000,tree,0.9755,0.9690,0.9849,0.9677,0.0279,0
missing,0.0149,tree,0.9684,0.9597,0.9588,0.9425,0.0282,1
missing,0.0299,tree,0.9610,0.9499,0.9315,0.9173,0.0284,2
missing,0.0448,tree,0.9546,0.9412,0.9075,0.8948,0.0286,3
missing,0.0746,tree,0.9417,0.9234,0.8605,0.8515,0.0293,5
missing,0.1000,tree,0.9295,0.9059,0.8161,0.8097,0.0301,7
missing,0.2000,tree,0.8952,0.8540,0.6919,0.7049,0.0322,13
missing,0.3000,tree,0.8624,0.7999,0.5770,0.6124,0.0358,20
missing,0.5000,tree,0.8133,0.7066,0.3997,0.4972,0.0391,34
noise,0.0000,boosting,0.9776,0.9718,0.9923,0.9814,0.0276,0
noise,0.0010,boosting,0.8624,0.7879,0.5128,0.9427,0.0128,0
noise,0.0025,boosting,0.8523,0.7678,0.4731,0.9361,0.0123,0
noise,0.0050,boosting,0.8480,0.7606,0.4637,0.9223,0.0149,0
noise,0.0100,boosting,0.8447,0.7562,0.4604,0.9049,0.0181,0
noise,0.0200,boosting,0.8368,0.7413,0.4359,0.8784,0.0201,0
noise,0.0500,boosting,0.8008,0.6618,0.3035,0.8060,0.0217,0
noise,0.1000,boosting,0.7724,0.5878,0.1962,0.7319,0.0220,0
noise,0.2000,boosting,0.7475,0.5147,0.1043,0.5998,0.0229,0
noise,0.5000,boosting,0.7242,0.4563,0.0422,0.4218,0.0324,0
noise,1.0000,boosting,0.7129,0.4497,0.0406,0.3342,0.0471,0
noise,0.0000,logreg,0.9686,0.9608,0.9962,0.9527,0.0413,0
noise,0.0010,logreg,0.9686,0.9609,0.9962,0.9526,0.0413,0
noise,0.0025,logreg,0.9686,0.9608,0.9961,0.9522,0.0413,0
noise,0.0050,logreg,0.9685,0.9608,0.9958,0.9510,0.0412,0
noise,0.0100,logreg,0.9683,0.9605,0.9943,0.9489,0.0409,0
noise,0.0200,logreg,0.9654,0.9566,0.9784,0.9452,0.0392,0
noise,0.0500,logreg,0.9364,0.9164,0.8490,0.9325,0.0324,0
noise,0.1000,logreg,0.8911,0.8477,0.6794,0.8928,0.0334,0
noise,0.2000,logreg,0.8357,0.7619,0.5304,0.7674,0.0553,0
noise,0.5000,logreg,0.7508,0.6513,0.4117,0.5139,0.1282,0
noise,1.0000,logreg,0.6849,0.5847,0.3684,0.3773,0.2021,0
noise,0.0000,tree,0.9755,0.9690,0.9849,0.9677,0.0279,0
noise,0.0010,tree,0.9134,0.8900,0.8598,0.6927,0.0675,0
noise,0.0025,tree,0.8203,0.7465,0.5338,0.4619,0.0775,0
noise,0.0050,tree,0.7598,0.6341,0.3301,0.3442,0.0868,0
noise,0.0100,tree,0.7237,0.5551,0.2056,0.2882,0.0914,0
noise,0.0200,tree,0.7059,0.5070,0.1344,0.2665,0.0901,0
noise,0.0500,tree,0.6988,0.4727,0.0835,0.2561,0.0816,0
noise,0.1000,tree,0.6944,0.4626,0.0715,0.2538,0.0832,0
noise,0.2000,tree,0.6785,0.4627,0.0850,0.2534,0.1096,0
noise,0.5000,tree,0.6371,0.4601,0.1227,0.2513,0.1793,0
noise,1.0000,tree,0.6309,0.4682,0.1480,0.2532,0.1968,0
