rule,if,belief_Low,belief_Medium,belief_High,ignorance,theta,delta,support,attack_share
1,IF FWD Init Win Bytes is Low AND Bwd Packets/s is Low,0.0288,0.9669,0.0000,0.0042,1.0000,"(1.0, 1.0)",4686.5000,0.4855
2,IF FWD Init Win Bytes is Low AND Bwd Packets/s is Medium,0.9956,0.0031,0.0000,0.0013,1.0000,"(1.0, 1.0)",15332.2000,0.0015
3,IF FWD Init Win Bytes is Low AND Bwd Packets/s is High,0.9960,0.0004,0.0000,0.0036,1.0000,"(1.0, 1.0)",5521.3000,0.0002
4,IF FWD Init Win Bytes is Medium AND Bwd Packets/s is Low,0.1850,0.8146,0.0000,0.0004,1.0000,"(1.0, 1.0)",50227.0000,0.4074
5,IF FWD Init Win Bytes is Medium AND Bwd Packets/s is Medium,0.9379,0.0616,0.0000,0.0004,1.0000,"(1.0, 1.0)",46469.9000,0.0308
6,IF FWD Init Win Bytes is Medium AND Bwd Packets/s is High,0.9988,0.0002,0.0000,0.0010,1.0000,"(1.0, 1.0)",20564.3000,0.0001
7,IF FWD Init Win Bytes is High AND Bwd Packets/s is Low,0.0000,0.2270,0.7722,0.0008,1.0000,"(1.0, 1.0)",25259.5000,0.8864
8,IF FWD Init Win Bytes is High AND Bwd Packets/s is Medium,0.0527,0.9413,0.0000,0.0060,1.0000,"(1.0, 1.0)",3308.9000,0.4735
9,IF FWD Init Win Bytes is High AND Bwd Packets/s is High,0.9979,0.0004,0.0000,0.0017,1.0000,"(1.0, 1.0)",11693.3000,0.0002
