weight,labels_added,seed,overall_recall,fuzzers_recall,other_attacks_recall,far,macro_f1,fuzzers_uncertain_share,fuzzers_recall_with_fingerprint,fuzzers_recall_without_fingerprint
10,50,0,0.9019,0.7307,0.9840,0.0195,0.9474,0.8497,0.7170,0.9242
10,50,1,0.8973,0.7176,0.9835,0.0195,0.9458,0.8376,0.7043,0.9067
10,50,2,0.9038,0.7382,0.9832,0.0192,0.9484,0.8299,0.7228,0.9563
10,100,0,0.9133,0.7662,0.9838,0.0197,0.9514,0.8606,0.7557,0.9155
10,100,1,0.9157,0.7707,0.9853,0.0201,0.9519,0.8372,0.7611,0.9067
10,100,2,0.9216,0.7916,0.9839,0.0197,0.9543,0.8433,0.7800,0.9563
100,50,0,0.9262,0.8024,0.9856,0.0209,0.9549,0.7939,0.7897,0.9825
100,50,1,0.9307,0.8164,0.9855,0.0216,0.9558,0.8037,0.8092,0.9184
100,50,2,0.9313,0.8222,0.9837,0.0205,0.9570,0.7574,0.8121,0.9650
100,100,0,0.9412,0.8487,0.9855,0.0221,0.9591,0.7286,0.8434,0.9242
100,100,1,0.9370,0.8328,0.9870,0.0224,0.9573,0.7480,0.8275,0.9067
100,100,2,0.9429,0.8543,0.9853,0.0217,0.9601,0.6580,0.8469,0.9592
