feature,meaning,unit,direction,group_proposed,distinct_values,train_min,train_median,train_max,twin_group,twin_members,note
Flow Duration,"How long the whole conversation lasted, first packet to last",microseconds,both,Free,114850,1.0,54381.0,119997527.0,1.0,"Flow Duration, Fwd IAT Total",
Total Fwd Packet,Number of packets the initiator (client/attacker) sent,packets,forward,Costly,724,1.0,9.0,20038.0,2.0,"Total Fwd Packet, Fwd Header Length",
Total Bwd packets,Number of packets the responder (server/victim) sent back,packets,backward,Fixed,754,0.0,9.0,11015.0,3.0,"Total Bwd packets, Total Length of Bwd Packet, Bwd Header Length",
Total Length of Fwd Packet,Total payload bytes the initiator sent,bytes,forward,Costly,5612,0.0,454.0,26052702.0,4.0,"Total Length of Fwd Packet, Fwd Act Data Pkts",
Total Length of Bwd Packet,Total payload bytes the responder sent back,bytes,backward,Fixed,6737,0.0,700.0,14215986.0,3.0,"Total Bwd packets, Total Length of Bwd Packet, Bwd Header Length",
Fwd Packet Length Max,Largest packet payload the initiator sent,bytes,forward,Free,1313,0.0,66.0,1476.0,5.0,"Fwd Packet Length Max, Fwd Packet Length Std",
Fwd Packet Length Min,Smallest packet payload the initiator sent,bytes,forward,Free,884,0.0,0.0,1472.0,6.0,"Fwd Packet Length Min, Packet Length Min",
Fwd Packet Length Mean,Average packet payload the initiator sent,bytes,forward,Free,12423,0.0,16.923076923076923,1474.0,7.0,"Fwd Packet Length Mean, Fwd Segment Size Avg",
Fwd Packet Length Std,How much the initiator's packet sizes vary,bytes,forward,Free,13243,0.0,19.989267733569253,780.4028263842793,5.0,"Fwd Packet Length Max, Fwd Packet Length Std",
Bwd Packet Length Max,Largest packet payload the responder sent,bytes,backward,Fixed,1281,0.0,189.0,1460.0,8.0,"Bwd Packet Length Max, Bwd Packet Length Std",
Bwd Packet Length Min,Smallest packet payload the responder sent,bytes,backward,Fixed,136,0.0,0.0,1300.0,,,
Bwd Packet Length Mean,Average packet payload the responder sent,bytes,backward,Fixed,11670,0.0,53.0,1424.9373433583962,9.0,"Bwd Packet Length Mean, Bwd Segment Size Avg",
Bwd Packet Length Std,How much the responder's packet sizes vary,bytes,backward,Fixed,13522,0.0,65.51570569190027,836.0031897865781,8.0,"Bwd Packet Length Max, Bwd Packet Length Std",
Flow Bytes/s,Data rate of the whole conversation (bytes / duration),bytes per second,both,Fixed,127411,0.0,25392.18659535166,1354000000.0,,,
Flow Packets/s,Packet rate of the whole conversation (packets / duration),packets per second,both,Fixed,134607,0.0347550476406553,753.8764139060726,2000000.0,10.0,"Flow Packets/s, Fwd Packets/s",
Flow IAT Mean,"Average gap between two consecutive packets, either direction",microseconds,both,Free,139479,1.0,1389.35,38363732.0,11.0,"Flow IAT Mean, Flow IAT Std, Fwd IAT Mean, Fwd IAT Std",
Flow IAT Std,How much the gaps between packets vary,microseconds,both,Free,155945,0.0,3454.2617532963864,66447918.26952412,11.0,"Flow IAT Mean, Flow IAT Std, Fwd IAT Mean, Fwd IAT Std",
Flow IAT Max,Longest gap between two consecutive packets,microseconds,both,Free,85927,1.0,15095.0,119192568.0,12.0,"Flow IAT Max, Fwd IAT Max, Idle Mean, Idle Max, Idle Min",
Flow IAT Min,Shortest gap between two consecutive packets,microseconds,both,Free,56,0.0,2.0,11999849.0,13.0,"Flow IAT Min, Fwd IAT Min",
Fwd IAT Total,Sum of the gaps between the initiator's packets,microseconds,forward,Free,106578,0.0,38014.0,119997416.0,1.0,"Flow Duration, Fwd IAT Total",
Fwd IAT Mean,Average gap between two packets of the initiator,microseconds,forward,Free,129664,0.0,1730.181818181818,38363732.0,11.0,"Flow IAT Mean, Flow IAT Std, Fwd IAT Mean, Fwd IAT Std",
Fwd IAT Std,How much the gaps between the initiator's packets vary,microseconds,forward,Free,142414,0.0,2834.791085776869,66447918.26952412,11.0,"Flow IAT Mean, Flow IAT Std, Fwd IAT Mean, Fwd IAT Std",
Fwd IAT Max,Longest gap between two packets of the initiator,microseconds,forward,Free,82709,0.0,9774.0,119231572.0,12.0,"Flow IAT Max, Fwd IAT Max, Idle Mean, Idle Max, Idle Min",
Fwd IAT Min,Shortest gap between two packets of the initiator,microseconds,forward,Free,67,0.0,2.0,11999849.0,13.0,"Flow IAT Min, Fwd IAT Min",
Bwd IAT Total,Sum of the gaps between the responder's packets,microseconds,backward,Fixed,100058,0.0,27739.0,119967220.0,,,
Bwd IAT Mean,Average gap between two packets of the responder,microseconds,backward,Fixed,117342,0.0,895.4285714285714,32571736.666666664,14.0,"Bwd IAT Mean, Bwd IAT Std",
Bwd IAT Std,How much the gaps between the responder's packets vary,microseconds,backward,Fixed,128095,0.0,1658.164784215641,58469153.45628437,14.0,"Bwd IAT Mean, Bwd IAT Std",
Bwd IAT Max,Longest gap between two packets of the responder,microseconds,backward,Fixed,72976,0.0,5470.0,119293344.0,,,
Bwd IAT Min,Shortest gap between two packets of the responder,microseconds,backward,Fixed,65,0.0,2.0,1002456.0,,,
Fwd PSH Flags,"Whether the initiator set the PSH flag (""deliver this data now"")",0/1,forward,Fixed,2,0.0,0.0,1.0,,,
Fwd Header Length,Total header bytes of the initiator's packets,bytes,forward,Free,1131,8.0,232.0,400792.0,2.0,"Total Fwd Packet, Fwd Header Length",
Bwd Header Length,Total header bytes of the responder's packets,bytes,backward,Fixed,1126,0.0,196.0,220316.0,3.0,"Total Bwd packets, Total Length of Bwd Packet, Bwd Header Length",
Fwd Packets/s,How fast the initiator sent packets,packets per second,forward,Free,131479,0.0347550476406553,350.74139474129794,2000000.0,10.0,"Flow Packets/s, Fwd Packets/s",
Bwd Packets/s,How fast the responder sent packets,packets per second,backward,Fixed,132226,0.0,288.87834380684046,33333.333333333336,,,
Packet Length Min,"Smallest packet payload in the conversation, either direction",bytes,both,Fixed,876,0.0,0.0,1472.0,6.0,"Fwd Packet Length Min, Packet Length Min",
Packet Length Max,"Largest packet payload in the conversation, either direction",bytes,both,Fixed,1429,0.0,513.0,1476.0,,,
Packet Length Mean,"Average packet payload, both directions together",bytes,both,Fixed,23022,0.0,84.80000000000001,1474.6666666666667,15.0,"Packet Length Mean, Average Packet Size",
Packet Length Std,"How much packet sizes vary, both directions together",bytes,both,Fixed,25746,0.0,144.65767830035875,793.1022632674805,16.0,"Packet Length Std, Packet Length Variance",
Packet Length Variance,Packet Length Std squared (same information),bytes squared,both,Fixed,26406,0.0,20925.84389125008,629011.2,16.0,"Packet Length Std, Packet Length Variance",
FIN Flag Count,"Packets with the FIN flag (""I am finished, close the connection"")",packets,both,Fixed,4,0.0,1.0,3.0,,,
SYN Flag Count,"Packets with the SYN flag (""let us start a connection"")",packets,both,Fixed,9,0.0,4.0,12.0,,,
RST Flag Count,"Packets with the RST flag (""abort the connection""); 0 or 1 in our data",packets,both,Fixed,2,0.0,0.0,1.0,,,
PSH Flag Count,"Packets with the PSH flag (""deliver this data now"")",packets,both,Fixed,404,0.0,2.0,696.0,,,
ACK Flag Count,"Packets with the ACK flag (""I received your data"")",packets,both,Fixed,1289,0.0,14.0,23030.0,,,
Down/Up Ratio,Responder packets divided by initiator packets (download vs. upload),ratio,both,Fixed,8,0.0,1.0,400.0,,,
Average Packet Size,Average packet size over the conversation,bytes,both,Fixed,19562,0.0,93.26829268292684,2212.0,15.0,"Packet Length Mean, Average Packet Size",
Fwd Segment Size Avg,Average data per initiator packet (practically Fwd Packet Length Mean),bytes,forward,Free,10819,0.0,16.923076923076923,1474.0,7.0,"Fwd Packet Length Mean, Fwd Segment Size Avg",
Bwd Segment Size Avg,Average data per responder packet (practically Bwd Packet Length Mean),bytes,backward,Fixed,10760,0.0,53.0,1424.937343358396,9.0,"Bwd Packet Length Mean, Bwd Segment Size Avg",
Bwd Bytes/Bulk Avg,Average bytes in a bulk transfer (a burst of data) from the responder,bytes,backward,Fixed,10783,0.0,1400.0,26053138.0,17.0,"Bwd Bytes/Bulk Avg, Bwd Packet/Bulk Avg",
Bwd Packet/Bulk Avg,Average packets in a bulk transfer from the responder,packets,backward,Fixed,739,0.0,8.0,20042.0,17.0,"Bwd Bytes/Bulk Avg, Bwd Packet/Bulk Avg",
Bwd Bulk Rate Avg,Average speed of the responder's bulk transfers,bytes per second,backward,Fixed,86989,0.0,42641.0,847666666.0,,,
Subflow Fwd Packets,Initiator packets per sub-conversation (bursts split by idle time),packets,forward,Costly,439,0.0,0.0,11095.0,,,
Subflow Fwd Bytes,Initiator bytes per sub-conversation,bytes,forward,Costly,1158,0.0,0.0,14215736.0,,,
Subflow Bwd Packets,Responder packets per sub-conversation,packets,backward,Fixed,441,0.0,0.0,11015.0,18.0,"Subflow Bwd Packets, Subflow Bwd Bytes",
Subflow Bwd Bytes,Responder bytes per sub-conversation,bytes,backward,Fixed,1345,0.0,0.0,14215986.0,18.0,"Subflow Bwd Packets, Subflow Bwd Bytes",
FWD Init Win Bytes,TCP window size in the initiator's first packet: how much data it accepts at once. Set by the initiator's operating system (0 = not TCP or not recorded),bytes,forward,Free,521,0.0,5792.0,65418.0,,,"TCP setting of the initiator's machine: identifies the machine, not the attack. An attacker can change it on their own machine"
Bwd Init Win Bytes,"TCP window size in the responder's first packet, set by the responder's operating system (0 = not TCP or not recorded)",bytes,backward,Fixed,381,0.0,14480.0,65475.0,,,TCP setting of the responder's machine (the victim): the attacker cannot change it
Fwd Act Data Pkts,Initiator packets that carried at least 1 byte of data,packets,forward,Costly,461,0.0,4.0,20032.0,4.0,"Total Length of Fwd Packet, Fwd Act Data Pkts",
Fwd Seg Size Min,Smallest header size seen in the initiator's packets; depends on the initiator's operating system and TCP options,bytes,forward,Free,7,8.0,32.0,40.0,,,"TCP setting of the initiator's machine: identifies the machine, not the attack. An attacker can change it on their own machine"
Active Mean,Average length of a busy period (packets flowing) before the flow went quiet,microseconds,both,Free,1264,0.0,0.0,90158057.0,,,
Active Std,How much the busy periods vary,microseconds,both,Free,390,0.0,0.0,74177597.21096827,,,
Active Max,Longest busy period,microseconds,both,Free,1238,0.0,0.0,104902974.0,,,
Active Min,Shortest busy period,microseconds,both,Free,1086,0.0,0.0,90158057.0,,,
Idle Mean,Average length of a quiet period between busy periods,microseconds,both,Free,1381,0.0,0.0,119192568.0,12.0,"Flow IAT Max, Fwd IAT Max, Idle Mean, Idle Max, Idle Min",
Idle Std,How much the quiet periods vary,microseconds,both,Free,395,0.0,0.0,72143601.01935126,,,
Idle Max,Longest quiet period,microseconds,both,Free,1381,0.0,0.0,119192568.0,12.0,"Flow IAT Max, Fwd IAT Max, Idle Mean, Idle Max, Idle Min",
Idle Min,Shortest quiet period,microseconds,both,Free,1381,0.0,0.0,119192568.0,12.0,"Flow IAT Max, Fwd IAT Max, Idle Mean, Idle Max, Idle Min",
