labels,model,set,accuracy,macro_f1,recall,pr_auc,far,guesses_added,guesses_right
"1% (1,830)",lower line,validation,0.9681,0.9598,0.9769,0.9508,0.0350,0,
"1% (1,830)",lower line,test,0.9685,0.9603,0.9758,0.9550,0.0341,0,
"1% (1,830)",pseudo-labelling (cutoff 0.9),validation,0.9701,0.9626,0.9887,0.9541,0.0365,179976,0.9732
"1% (1,830)",pseudo-labelling (cutoff 0.9),test,0.9705,0.9630,0.9881,0.9599,0.0358,179976,0.9732
"5% (9,153)",lower line,validation,0.9730,0.9658,0.9798,0.9704,0.0294,0,
"5% (9,153)",lower line,test,0.9736,0.9666,0.9799,0.9746,0.0286,0,
"5% (9,153)",pseudo-labelling (cutoff 0.9),validation,0.9735,0.9666,0.9885,0.9700,0.0319,170081,0.9814
"5% (9,153)",pseudo-labelling (cutoff 0.9),test,0.9742,0.9675,0.9891,0.9721,0.0311,170081,0.9814
"10% (18,306)",lower line,validation,0.9746,0.9679,0.9862,0.9743,0.0296,0,
"10% (18,306)",lower line,test,0.9753,0.9688,0.9872,0.9755,0.0290,0,
"10% (18,306)",pseudo-labelling (cutoff 0.95),validation,0.9746,0.9681,0.9899,0.9727,0.0308,150327,0.9907
"10% (18,306)",pseudo-labelling (cutoff 0.95),test,0.9750,0.9685,0.9894,0.9735,0.0301,150327,0.9907
"100% (183,063)",upper line,validation,0.9772,0.9713,0.9924,0.9807,0.0282,0,
"100% (183,063)",upper line,test,0.9776,0.9718,0.9923,0.9814,0.0276,0,
