level,model,accuracy,macro_f1,recall,pr_auc,far
0.0000,with fingerprint,0.9776,0.9718,0.9923,0.9814,0.0276
0.0000,without fingerprint,0.9769,0.9709,0.9910,0.9817,0.0281
0.0010,with fingerprint,0.8624,0.7879,0.5128,0.9427,0.0128
0.0010,without fingerprint,0.9168,0.8919,0.8310,0.9252,0.0526
0.0050,with fingerprint,0.8480,0.7606,0.4637,0.9223,0.0149
0.0050,without fingerprint,0.9090,0.8797,0.7892,0.9058,0.0483
0.0100,with fingerprint,0.8447,0.7562,0.4604,0.9049,0.0181
0.0100,without fingerprint,0.8989,0.8644,0.7499,0.8898,0.0479
0.0200,with fingerprint,0.8368,0.7413,0.4359,0.8784,0.0201
0.0200,without fingerprint,0.8702,0.8187,0.6409,0.8469,0.0479
0.0500,with fingerprint,0.8008,0.6618,0.3035,0.8060,0.0217
0.0500,without fingerprint,0.8089,0.7046,0.4082,0.7284,0.0481
